# ADP-0001 adapter pair: mating connector pin -> tester channel (1-based, per bank side).
# Side A board "ADP0001-A" (board-end connectors), side B board "ADP0001-B" (M12 connectors).
# Fits Proto40 (40 channels/side) and the Rev A bank card (50 channels/side).
endpoint,adapter_board,adapter_ref,mates_with,side,channel
FFSD.1,ADP0001-A,J1,FTSH-108-01-x-DV (header on adapter mates cable FFSD),A,1
FFSD.2,ADP0001-A,J1,,A,2
FFSD.3,ADP0001-A,J1,,A,3
FFSD.4,ADP0001-A,J1,,A,4
FFSD.5,ADP0001-A,J1,,A,5
FFSD.6,ADP0001-A,J1,,A,6
FFSD.7,ADP0001-A,J1,,A,7
FFSD.8,ADP0001-A,J1,,A,8
FFSD.9,ADP0001-A,J1,,A,9
FFSD.10,ADP0001-A,J1,,A,10
FFSD.11,ADP0001-A,J1,,A,11
FFSD.12,ADP0001-A,J1,,A,12
FFSD.13,ADP0001-A,J1,,A,13
FFSD.14,ADP0001-A,J1,,A,14
FFSD.15,ADP0001-A,J1,,A,15
FFSD.16,ADP0001-A,J1,,A,16
PS.1,ADP0001-A,J2,Molex 0874371273 (mates cable housing 0874391200),A,17
PS.2,ADP0001-A,J2,,A,18
PS.3,ADP0001-A,J2,,A,19
PS.4,ADP0001-A,J2,,A,20
PS.5,ADP0001-A,J2,,A,21
PS.6,ADP0001-A,J2,,A,22
PS.7,ADP0001-A,J2,,A,23
PS.8,ADP0001-A,J2,,A,24
PS.9,ADP0001-A,J2,,A,25
PS.10,ADP0001-A,J2,,A,26
PS.11,ADP0001-A,J2,,A,27
PS.12,ADP0001-A,J2,,A,28
M12F.1,ADP0001-B,J3,M12 17p male panel connector (mates C1 female),B,1
M12F.2,ADP0001-B,J3,,B,2
M12F.3,ADP0001-B,J3,,B,3
M12F.4,ADP0001-B,J3,,B,4
M12F.5,ADP0001-B,J3,,B,5
M12F.6,ADP0001-B,J3,,B,6
M12F.7,ADP0001-B,J3,,B,7
M12F.8,ADP0001-B,J3,,B,8
M12F.9,ADP0001-B,J3,,B,9
M12F.10,ADP0001-B,J3,,B,10
M12F.11,ADP0001-B,J3,,B,11
M12F.12,ADP0001-B,J3,,B,12
M12F.13,ADP0001-B,J3,,B,13
M12F.14,ADP0001-B,J3,,B,14
M12F.15,ADP0001-B,J3,,B,15
M12F.16,ADP0001-B,J3,,B,16
M12F.17,ADP0001-B,J3,,B,17
M12M.1,ADP0001-B,J4,M12 17p female panel connector (mates C2 male),B,18
M12M.2,ADP0001-B,J4,,B,19
M12M.3,ADP0001-B,J4,,B,20
M12M.4,ADP0001-B,J4,,B,21
M12M.5,ADP0001-B,J4,,B,22
M12M.6,ADP0001-B,J4,,B,23
M12M.7,ADP0001-B,J4,,B,24
M12M.8,ADP0001-B,J4,,B,25
M12M.9,ADP0001-B,J4,,B,26
M12M.10,ADP0001-B,J4,,B,27
M12M.11,ADP0001-B,J4,,B,28
M12M.12,ADP0001-B,J4,,B,29
M12M.13,ADP0001-B,J4,,B,30
M12M.14,ADP0001-B,J4,,B,31
M12M.15,ADP0001-B,J4,,B,32
M12M.16,ADP0001-B,J4,,B,33
M12M.17,ADP0001-B,J4,,B,34
M12F.SHELL,ADP0001-B,J3,shell/coupling thread (if metal),B,35
M12M.SHELL,ADP0001-B,J4,shell/coupling thread (if metal),B,36
