# Cable C2: M12 17-pin male -> Molex Pico-SPOX 0874391200 (12 ckt), mates 0874371273 on Fluidic PCB
# Source: customer pin table, 2026-10-01. Signal names are Fluidic-side names. M12 pin 17 not connected.
# Twisted pairs (not electrically verifiable): PS.3/PS.4 (RS422_Y/Z), PS.6/PS.7 (RS422_B/A).
# GND wires are commoned inside the cable (confirmed 2026-10-06): one GND net.
net,signal,endpoints
N01,12V,M12M.3 M12M.4 PS.1
N02,GND,M12M.1 M12M.2 M12M.5 M12M.6 M12M.11 M12M.12 M12M.16 PS.2 PS.5 PS.8 PS.11
N03,RS422_Y,M12M.8 PS.3
N04,RS422_Z,M12M.7 PS.4
N05,RS422_B,M12M.10 PS.6
N06,RS422_A,M12M.9 PS.7
N07,RES_INPUT,M12M.13 PS.9
N08,BUTTON_INPUT,M12M.14 PS.10
N09,CONNECTED_INPUT,M12M.15 PS.12
